{"location_information": [[0.025452313025275123, 0.021097325471555236, 1.0], [0.02600996780909971, 0.027456030164121306, 1.0], [0.04446943501661274, 0.020867848336502785, 1.0], [0.0006619751558628329, 0.02576477246086032, 2.0], [0.04866197515586283, 0.02576477246086032, 2.0], [0.036880544733777755, 0.04749908173847031, 2.0], [0.036880544733777755, -0.0005009182615296898, 2.0], [0.015354248652551392, 0.04374904570878124, 1.0], [0.03911118137656038, 0.040946312418303384, 1.0], [0.014823034622129905, 0.03345430475198332, 1.0], [0.007478843486048369, 0.048581593048711215, 2.0], [0.007478843486048369, 0.0005815930487112139, 2.0], [0.048761215368770136, 0.005196231631631883, 2.0], [0.0007612153687701351, 0.005196231631631883, 2.0], [0.016499484235670856, 0.027393304460455258, 1.0], [0.006059929975516581, 0.019047495730689316, 1.0], [0.04956946932501016, 0.011368062219130663, 2.0], [0.0015694693250101616, 0.011368062219130663, 2.0], [0.04094758976821101, 0.015749453757489675, 1.0], [0.0501073060670528, 0.03180938029584442, 2.0], [0.002107306067052797, 0.03180938029584442, 2.0], [0.010094181966303004, 0.04034398546578009, 1.0], [0.042477711750394796, 0.03572105241882875, 1.0], [0.02717392876717951, 0.0025437717093361534, 2.0], [0.02762753281268089, 0.034310532845896045, 1.0], [0.02717392876717951, 0.050543771709336154, 2.0], [0.020285263751495683, 0.016338812316228774, 1.0], [0.03445725374053723, 0.02756607415671753, 1.0], [0.009597405791460956, 0.030073524032219, 1.0], [0.03311169422642192, 0.021441345118490693, 1.0], [0.012059720243256028, 0.017363710003612583, 1.0], [0.00391858992090921, 0.03953382111174879, 1.0], [0.020699710189373964, 0.006253975556360366, 1.0]], "radius": 0.003, "len_start": -0.003, "wid_start": -0.003, "len_end": 0.051000000000000004, "wid_end": 0.051000000000000004}