{"location_information": [[0.042608151990848685, 0.02447598604376338, 0.003, 1.0], [0.003965690380969288, 0.029206622456585892, 0.003, 1.0], [0.038746552227619954, 0.008342797771824725, 0.003, 1.0], [0.026230703285969457, 0.043167190929873395, 0.003, 1.0], [0.020914946928138785, 0.03759465134951448, 0.003, 1.0], [0.01713974275237605, 0.04628677586809853, 0.003, 2.0], [0.01713974275237605, -0.0017132241319014682, 0.003, 2.0], [0.024121733992228955, 0.02360876929328514, 0.003, 1.0], [0.045958463306977414, 0.016917660932827188, 0.003, 2.0], [-0.0020415366930225873, 0.016917660932827188, 0.003, 2.0], [0.028012278020320566, 0.013033401766725202, 0.003, 1.0], [0.010236202300874747, 0.03313058427238438, 0.003, 1.0], [0.00877985233488204, 0.02259508958423239, 0.003, 1.0], [0.008174766318851709, 0.010536798995370212, 0.003, 1.0], [0.0020476169340678395, 0.04392060441630675, 0.003, 2.0], [0.05004761693406784, 0.04392060441630675, 0.003, 2.0], [0.019922510873042743, 0.014570405161531064, 0.003, 1.0], [0.037810927713884494, 0.029845338422316577, 0.003, 1.0], [0.024270691774663608, 0.003419306938700429, 0.003, 1.0], [0.039777289365654174, 0.047411452472188205, 0.003, 2.0], [0.039777289365654174, -0.000588547527811796, 0.003, 2.0], [0.0443852219329478, 0.03326046666229554, 0.003, 1.0], [0.031017536614283456, 0.03768638415808444, 0.003, 1.0], [0.032590814258806645, 0.04791938915434184, 0.003, 2.0], [0.032590814258806645, -8.061084565816334e-05, 0.003, 2.0], [0.025837408507579866, 0.03220830837517415, 0.003, 1.0], [0.00931909872939446, 0.04345093710756826, 0.003, 1.0], [0.03125061857968529, 0.020905238803662088, 0.003, 1.0], [0.006492686850495939, 0.0032257408649769025, 0.003, 1.0], [0.045910519629681054, 0.007373622833957498, 0.003, 2.0], [-0.002089480370318947, 0.007373622833957498, 0.003, 2.0]], "radius_mu": 0.003, "radius_std": 0.0, "len_start": -0.003, "wid_start": -0.003, "len_end": 0.051000000000000004, "wid_end": 0.051000000000000004}