{"location_information": [[0.49848458996826484, 0.611069801253801, 0.1, 1.0], [0.13673045554027996, 0.21262632932006703, 0.3267538884670875, 4.0], [1.13673045554028, 0.21262632932006703, 0.3267538884670875, 4.0], [1.13673045554028, 1.212626329320067, 0.3267538884670875, 4.0], [0.13673045554027996, 1.212626329320067, 0.3267538884670875, 4.0], [0.022621099188864343, 0.665908935976484, 0.09746708021621973, 2.0], [1.0226210991888642, 0.665908935976484, 0.09746708021621973, 2.0], [0.6751291966902492, 0.4335461315325756, 0.1101615509552058, 1.0]], "radius_mu": 0.1, "radius_std": 0.2, "len_start": -0.1, "wid_start": -0.1, "len_end": 1.1, "wid_end": 1.1}