{"x1":{"0":1.2095726995,"1":1.6813972733,"2":2.1818996083,"3":6.0016025246,"4":5.1673545552,"5":3.7615145847,"6":4.3185024108,"7":2.3645485732,"8":7.998843561,"9":6.9299286345},"x2":{"0":0.2678795151,"1":0.953724312,"2":0.4379769529,"3":0.7214468076,"4":0.8477494448,"5":0.7313997259,"6":0.6113792274,"7":0.2501339813,"8":0.3314259362,"9":0.8207196148}}