{"x1":{"0":1.7817438425,"1":8.1592174708,"2":7.6595297304,"3":6.9568174289,"4":3.2116432181,"5":3.9989264747,"6":5.2059119913,"7":3.6439460349,"8":8.2890494691,"9":8.6370079473},"x2":{"0":0.706616957,"1":0.7104318082,"2":0.2808774362,"3":0.1824861137,"4":0.4577657785,"5":0.2315961497,"6":0.3463746048,"7":0.504405074,"8":0.3695067575,"9":0.6989569599}}