{"location_information": [[0.9304242864302571, 0.5598997708931305, 0.06, 1.0], [0.9757556520766802, 0.009921847809522252, 0.06693598508291311, 4.0], [-0.024244347923319753, 0.009921847809522252, 0.06693598508291311, 4.0], [-0.024244347923319753, 1.0099218478095222, 0.06693598508291311, 4.0], [0.9757556520766802, 1.0099218478095222, 0.06693598508291311, 4.0], [0.25312002253452204, 0.43037687762922544, 0.05352293232878149, 1.0], [0.16331162144274003, 0.597579527361549, 0.0661866968902688, 1.0], [0.8023759745472043, 0.8602184688241868, 0.05912013071659725, 1.0], [0.234995563075624, 0.0692480851282046, 0.04843183739080857, 1.0], [0.7267154358700303, 0.4100898924325161, 0.06350997153082531, 1.0], [0.5272924935430549, 0.9373726046672013, 0.050170083465814676, 1.0], [0.5149124621131959, 0.6340457689724012, 0.07692357715238153, 1.0], [0.7650341106760833, 0.18116763328276386, 0.06048006247190689, 1.0], [0.6867314689388521, 0.2536200703189995, 0.036419263669884426, 1.0], [0.5131009942766512, 0.16715575737075564, 0.058692953614118394, 1.0], [0.5942874809357719, 0.08606067031921463, 0.04544465672804435, 1.0], [0.37170693225879353, 0.7873473864007249, 0.06158469536971599, 1.0], [0.4736236957487709, 0.39325468808338104, 0.054718039308522676, 1.0], [0.42050567167788744, 0.9028969671973947, 0.04457070949407331, 1.0], [0.3440449518715443, 0.05919414977407727, 0.05055631400589685, 1.0], [0.03671313184135387, 0.6561722931302686, 0.05663820160364711, 2.0], [1.0367131318413538, 0.6561722931302686, 0.05663820160364711, 2.0], [0.08544561476338669, 0.8289447172532817, 0.06516559632447488, 1.0], [0.7892346023135696, 0.7157331530742376, 0.05318851570932678, 1.0], [0.9571381938605412, 0.14239623765257092, 0.053230990548773345, 2.0], [-0.04286180613945878, 0.14239623765257092, 0.053230990548773345, 2.0], [0.2567275573579614, 0.31468602075925434, 0.048748854092928215, 1.0], [0.11989870075674408, 0.37593400870278193, 0.060386352129793174, 1.0], [0.947436340925858, 0.3811788418640234, 0.08203564018730217, 2.0], [-0.052563659074141955, 0.3811788418640234, 0.08203564018730217, 2.0], [0.5838618474551841, 0.445329633632518, 0.05597130218951604, 1.0], [0.36516115363985635, 0.5778082738702741, 0.06799755536760681, 1.0], [0.9264523866304168, 0.8133455809298639, 0.06084033392699757, 1.0], [0.7642763650414947, 0.04332540351727548, 0.055702332452542885, 2.0], [0.7642763650414947, 1.0433254035172754, 0.055702332452542885, 2.0]], "radius_mu": 0.06, "radius_std": 0.01, "len_start": -0.06, "wid_start": -0.06, "len_end": 1.06, "wid_end": 1.06}