{"location_information": [[0.4583492366632613, 0.06221237609639958, 0.06, 1.0], [0.42112688318731545, 0.33312871350587414, 0.06, 1.0], [0.20226720216315036, 0.6091439884113277, 0.06, 1.0], [0.6235636454685275, 0.5207631793974161, 0.06, 1.0], [0.8560260017897697, 0.4933973344868871, 0.06, 1.0], [0.8458297028713863, 0.08346875288382477, 0.06, 1.0], [0.21954940461700964, 0.34930369042337583, 0.06, 1.0], [0.8906601642292662, 0.34282812388502193, 0.06, 1.0], [0.4322226237623539, 0.7756256926862525, 0.06, 1.0], [0.5366416238635613, 0.9520369155756838, 0.06, 2.0], [0.5366416238635613, -0.04796308442431618, 0.06, 2.0], [0.9815584402756924, 0.43965586902898685, 0.06, 2.0], [-0.01844155972430761, 0.43965586902898685, 0.06, 2.0], [0.8291618036883224, 0.7353169830380463, 0.06, 1.0], [0.6616882290961204, 0.389295169069889, 0.06, 1.0], [0.35255615472766155, 0.5495609297865032, 0.06, 1.0], [0.17048863397699437, 0.8816814989586941, 0.06, 1.0], [0.6277085717268487, 0.15776285831130438, 0.06, 1.0], [0.22482569829901078, 0.20019536558985943, 0.06, 1.0], [0.11091178587955518, 0.2742861868969725, 0.06, 1.0], [0.088239609387719, 0.030455743226012792, 0.06, 2.0], [0.088239609387719, 1.0304557432260129, 0.06, 2.0], [0.7417647983425867, 0.8566722745656082, 0.06, 1.0], [0.2183213743010037, 0.004762165935036424, 0.06, 2.0], [0.2183213743010037, 1.0047621659350365, 0.06, 2.0], [0.9334710884205566, 0.6453086007771045, 0.06, 1.0], [0.6090527033107866, 0.8332341343190965, 0.06, 1.0], [0.3115137432309654, 0.8801266322310554, 0.06, 1.0], [0.9314625228624066, 0.8574150294993803, 0.06, 1.0], [0.4726553048299766, 0.6247789292581466, 0.06, 1.0], [0.45581444889631384, 0.46080061808782663, 0.06, 1.0], [0.97100526661168, 0.1999314245390825, 0.06, 2.0], [-0.028994733388320038, 0.1999314245390825, 0.06, 2.0], [0.8208972135625787, 0.21373121021943955, 0.06, 1.0], [0.6559192547966062, 0.02880679997721388, 0.06, 2.0], [0.6559192547966062, 1.028806799977214, 0.06, 2.0], [0.17193382624601392, 0.4801520856813197, 0.06, 1.0], [0.9552469148543146, 0.9884720166906069, 0.06, 4.0], [-0.044753085145685434, 0.9884720166906069, 0.06, 4.0], [-0.044753085145685434, -0.011527983309393086, 0.06, 4.0], [0.9552469148543146, -0.011527983309393086, 0.06, 4.0], [0.7092043839253048, 0.6752321731878674, 0.06, 1.0], [0.10304296195449492, 0.7086011052543056, 0.06, 1.0], [0.2995570411877597, 0.7485550418840933, 0.06, 1.0], [0.06604142389001749, 0.5596253474128237, 0.06, 1.0]], "radius_mu": 0.06, "radius_std": 0.0, "len_start": -0.06, "wid_start": -0.06, "len_end": 1.06, "wid_end": 1.06}