{"location_information": [[0.48041898735953414, 0.6039875751979541, 0.6039937764816277, 0.2, 1.0], [-0.17793066558021986, 0.8180711104498148, 0.008327908062815415, 0.2380871442995209, 8.0], [0.8220693344197801, 0.8180711104498148, 0.008327908062815415, 0.2380871442995209, 8.0], [0.8220693344197801, -0.18192888955018516, 0.008327908062815415, 0.2380871442995209, 8.0], [0.8220693344197801, 0.8180711104498148, 1.0083279080628154, 0.2380871442995209, 8.0], [0.8220693344197801, -0.18192888955018516, 1.0083279080628154, 0.2380871442995209, 8.0], [-0.17793066558021986, -0.18192888955018516, 0.008327908062815415, 0.2380871442995209, 8.0], [-0.17793066558021986, 0.8180711104498148, 1.0083279080628154, 0.2380871442995209, 8.0], [-0.17793066558021986, -0.18192888955018516, 1.0083279080628154, 0.2380871442995209, 8.0], [-0.08881790645488692, 0.24477284615882416, 0.223736867384842, 0.13302877074404756, 2.0], [0.911182093545113, 0.24477284615882416, 0.223736867384842, 0.13302877074404756, 2.0], [1.046570827257028, 0.27131487557790185, 0.6293461911785547, 0.09206395974855863, 2.0], [0.04657082725702799, 0.27131487557790185, 0.6293461911785547, 0.09206395974855863, 2.0]], "len_start": -0.2, "wid_start": -0.2, "hei_start": -0.2, "len_end": 1.2, "wid_end": 1.2, "hei_end": 1.2}