{"location_information": [[0.013299142726694232, 0.021509708798908542, 0.01, 1.0], [0.036488441296263864, 0.0015176742455557867, 0.011843639078694755, 4.0], [-0.011511558703736137, 0.0015176742455557867, 0.011843639078694755, 4.0], [-0.011511558703736137, 0.04951767424555579, 0.011843639078694755, 4.0], [0.036488441296263864, 0.04951767424555579, 0.011843639078694755, 4.0], [0.007966133984354043, 0.0036022904341550402, 0.0036792222859657756, 2.0], [0.007966133984354043, 0.05160229043415504, 0.0036792222859657756, 2.0], [0.04631453005461065, 0.030478502637946492, 0.0039849840841880094, 2.0], [-0.001685469945389352, 0.030478502637946492, 0.0039849840841880094, 2.0], [0.044392118456877176, 0.01741140760866129, 0.003786550410914159, 2.0], [-0.0036078815431228248, 0.01741140760866129, 0.003786550410914159, 2.0], [0.006373525468922757, 0.008841004967846774, 0.0006469608148930613, 1.0], [0.004348408314985328, 0.047258871720152085, 0.0010516850108785638, 2.0], [0.004348408314985328, -0.0007411282798479163, 0.0010516850108785638, 2.0], [0.016026032660705854, 0.006983666645014321, 0.0012568726833236885, 1.0], [0.019020958169201605, 0.03897870219747775, 0.0026328429181127636, 1.0], [0.0154175081620435, 0.039071211675341555, 0.0006414794535802657, 1.0], [0.03373514153823226, 0.02190459940006152, 0.006544666249931556, 1.0]], "radius_mu": 0.01, "radius_std": 0.005, "len_start": -0.01, "wid_start": -0.01, "len_end": 0.058, "wid_end": 0.058}