{"location_information": [[0.023223859085983966, 0.02001769611448035, 0.01, 1.0], [0.0023555654928564674, 0.028631579389175425, 0.007568314783895255, 2.0], [0.05035556549285647, 0.028631579389175425, 0.007568314783895255, 2.0], [0.04071896467474778, 0.0365813902998316, 0.0033313744613011932, 1.0], [0.043782975231475965, 0.03473827003937198, -0.0001692522564122126, 1.0], [0.04133716490941253, 0.029682734972125195, 0.0023935666390274193, 1.0], [0.01130894113326239, 0.0496379078632975, 0.005851515803394192, 2.0], [0.01130894113326239, 0.001637907863297497, 0.005851515803394192, 2.0], [0.04132848308406392, 0.049474362391444315, 0.007296984663984282, 4.0], [-0.006671516915936079, 0.049474362391444315, 0.007296984663984282, 4.0], [-0.006671516915936079, 0.0014743623914443144, 0.007296984663984282, 4.0], [0.04132848308406392, 0.0014743623914443144, 0.007296984663984282, 4.0], [0.02313464802034548, 0.0318471285578894, 0.005001816581618439, 1.0], [0.019808652906335718, -0.0035176251664468796, 0.0020223512210445563, 2.0], [0.019808652906335718, 0.04448237483355312, 0.0020223512210445563, 2.0], [0.029623377208230533, 0.03611806264951388, -0.002359783889140609, 1.0], [0.01898019538636439, 0.03341120298471956, -0.001193489416383274, 1.0], [-0.005354598765972551, 0.01589907690083334, 0.002043972874227187, 2.0], [0.04264540123402745, 0.01589907690083334, 0.002043972874227187, 2.0], [0.02223676617481155, 0.030028058193209556, -0.003370441611289748, 1.0], [0.001024398492452829, 0.016580770585782553, 0.0033241869183854135, 2.0], [0.04902439849245283, 0.016580770585782553, 0.0033241869183854135, 2.0], [0.02334374241122032, 0.047608658499148616, 0.00223759031934574, 2.0], [0.02334374241122032, -0.0003913415008513846, 0.00223759031934574, 2.0], [0.05515273072902598, 0.013050177467030402, 0.002606262655498298, 2.0], [0.0071527307290259814, 0.013050177467030402, 0.002606262655498298, 2.0]], "radius_mu": 0.01, "radius_std": 0.005, "len_start": -0.01, "wid_start": -0.01, "len_end": 0.058, "wid_end": 0.058}