{"location_information": [[0.4009014247956449, 0.4557142550839755, 0.1, 1.0], [0.5235490459275384, 0.1438858418424517, 0.13365919802047366, 1.0], [0.7672353597488354, 0.9792477832806479, 0.08022871332785761, 2.0], [0.7672353597488354, -0.020752216719352123, 0.08022871332785761, 2.0], [0.8829849441309312, 0.3849557522675579, 0.15354486378525573, 2.0], [-0.1170150558690688, 0.3849557522675579, 0.15354486378525573, 2.0], [0.7023924122606028, 0.5226860394071183, 0.04873285257431858, 1.0], [0.3094870489417461, 0.7412502098036936, 0.10045481373804217, 1.0], [0.6383129364397988, 0.7077917762525995, 0.12425387117818681, 1.0], [0.19742455645436593, 0.1344723024790278, 0.12800125434503912, 1.0], [0.9564285704861462, 0.8356493648237359, 0.06698271794447914, 2.0], [-0.04357142951385384, 0.8356493648237359, 0.06698271794447914, 2.0], [0.20364792358516376, 0.557830250676443, 0.0522051145672463, 1.0], [0.15407489935108964, 0.8812283694757607, 0.04198428913871104, 1.0], [0.7706424986254726, 0.15979473688948867, 0.05894583397651879, 1.0], [0.07953821121461306, 0.7122060347219058, 0.08164897921504002, 2.0], [1.079538211214613, 0.7122060347219058, 0.08164897921504002, 2.0], [0.8476172327786372, 0.7729577184950978, 0.03433735643747429, 1.0], [0.11745500085216729, 0.4904708586344544, 0.02640600907485928, 1.0], [0.8678043898746824, 0.6594905467415637, 0.07026529173676785, 1.0], [0.34490277026883565, 0.9895964941487205, 0.05649357314794634, 2.0], [0.34490277026883565, -0.010403505851279471, 0.05649357314794634, 2.0], [0.9732138822353942, 0.08882471471617637, 0.06987764620263881, 2.0], [-0.02678611776460582, 0.08882471471617637, 0.06987764620263881, 2.0], [0.5990026945268904, 0.4662461773863218, 0.05731659224432621, 1.0], [0.29685564086920896, 0.8930608942150334, 0.036009405412179174, 1.0], [0.7023786058670799, 0.08951973624994027, 0.029627373712349844, 1.0], [0.05680520622804515, 0.9578584186657287, 0.0571110051719914, 4.0], [1.056805206228045, 0.9578584186657287, 0.0571110051719914, 4.0], [1.056805206228045, -0.04214158133427126, 0.0571110051719914, 4.0], [0.05680520622804515, -0.04214158133427126, 0.0571110051719914, 4.0]], "radius_mu": 0.1, "radius_std": 0.03, "len_start": -0.1, "wid_start": -0.1, "len_end": 1.1, "wid_end": 1.1}