{"location_information": [[0.0437319027734367, 0.010677399128016189, 0.003, 1.0], [0.017285620887801226, 0.027773492362852193, 0.003, 1.0], [0.04343428554290836, 0.045807839867504065, 0.003, 2.0], [0.04343428554290836, -0.0021921601324959364, 0.003, 2.0], [0.03661089413112989, 0.038373134911149194, 0.003, 1.0], [0.04585235353544005, 0.026095835805212145, 0.003, 2.0], [-0.002147646464559949, 0.026095835805212145, 0.003, 2.0], [0.008204379562131606, 0.014647199507014864, 0.003, 1.0], [0.02408618144834031, 0.04398801840722504, 0.003, 1.0], [0.040987479182165436, 0.004081442929560213, 0.003, 1.0], [0.010702113855787098, 0.005171922580519731, 0.003, 1.0], [0.002192919939524386, 0.04479347532844546, 0.003, 2.0], [0.050192919939524384, 0.04479347532844546, 0.003, 2.0], [0.010019838775669672, 0.03649076916077451, 0.003, 1.0], [0.029782960035738285, 0.035807258590114015, 0.003, 1.0], [0.025959870154114034, 0.024452854056143163, 0.003, 1.0], [0.023526817934976556, 0.002584000491769919, 0.003, 2.0], [0.023526817934976556, 0.05058400049176992, 0.003, 2.0], [0.03381062744668522, 0.004156209436487258, 0.003, 1.0], [0.011779939197394517, 0.0236486430842492, 0.003, 1.0], [0.02765952392400909, 0.014421736043075183, 0.003, 1.0], [0.0053531545185831995, 0.025155031901814156, 0.003, 1.0], [0.032616620331355414, 0.023319543042361585, 0.003, 1.0], [0.03896435573491685, 0.031493100920702635, 0.003, 1.0], [0.015583705852024532, 0.018079478707124758, 0.003, 1.0], [0.009520333452560226, 0.0432822270500544, 0.003, 1.0], [0.0473089443896151, 0.03404239894441385, 0.003, 2.0], [-0.0006910556103848983, 0.03404239894441385, 0.003, 2.0], [0.0034331277341576936, 0.004737845592778379, 0.003, 1.0], [0.03245828063050769, 0.043503589442319024, 0.003, 1.0]], "radius_mu": 0.003, "radius_std": 0.0, "len_start": -0.003, "wid_start": -0.003, "len_end": 0.051000000000000004, "wid_end": 0.051000000000000004}